﻿{"cameraMode":{"drawMode":0,"name":"Shaded","section":"Shading Mode"},"sceneLighting":true,"audioPlay":false,"sceneViewState":{"showFog":true,"showMaterialUpdate":false,"showSkybox":true,"showFlares":true,"showImageEffects":true,"showParticleSystems":true},"in2DMode":false,"pivot":{"x":35.09902572631836,"y":2.5470540523529054,"z":23.214725494384767},"rotation":{"x":0.13714341819286347,"y":-0.838908851146698,"z":0.24743641912937165,"w":0.46497204899787905},"size":4.772284984588623,"orthographic":false}