﻿{"cameraMode":{"drawMode":0,"name":"Shaded","section":"Shading Mode"},"sceneLighting":false,"audioPlay":false,"sceneViewState":{"showFog":true,"showMaterialUpdate":false,"showSkybox":true,"showFlares":true,"showImageEffects":true,"showParticleSystems":true},"in2DMode":false,"pivot":{"x":69.8499984741211,"y":26.691423416137697,"z":27.487316131591798},"rotation":{"x":0.13714341819286347,"y":-0.838908851146698,"z":0.24743641912937165,"w":0.46497204899787905},"size":4.772285461425781,"orthographic":false}