﻿{"cameraMode":{"drawMode":0,"name":"Shaded","section":"Shading Mode"},"sceneLighting":false,"audioPlay":false,"sceneViewState":{"showFog":true,"showMaterialUpdate":false,"showSkybox":true,"showFlares":true,"showImageEffects":true,"showParticleSystems":true},"in2DMode":false,"pivot":{"x":-0.04360681772232056,"y":0.950947105884552,"z":0.045941054821014407},"rotation":{"x":0.31798142194747927,"y":-0.6385904550552368,"z":0.3278588354587555,"w":0.6193534731864929},"size":5.481929779052734,"orthographic":false}