﻿{"cameraMode":{"drawMode":0,"name":"Shaded","section":"Shading Mode"},"sceneLighting":true,"audioPlay":false,"sceneViewState":{"showFog":true,"showMaterialUpdate":false,"showSkybox":true,"showFlares":true,"showImageEffects":true,"showParticleSystems":true},"in2DMode":false,"pivot":{"x":23.310388565063478,"y":-2.4658374786376955,"z":38.1357307434082},"rotation":{"x":0.31798142194747927,"y":-0.6385904550552368,"z":0.3278588354587555,"w":0.6193534731864929},"size":22.862913131713868,"orthographic":false}