﻿{"cameraMode":{"drawMode":0,"name":"Shaded","section":"Shading Mode"},"sceneLighting":false,"audioPlay":false,"sceneViewState":{"showFog":true,"showMaterialUpdate":false,"showSkybox":true,"showFlares":true,"showImageEffects":true,"showParticleSystems":true},"in2DMode":false,"pivot":{"x":-3.530226707458496,"y":0.9509475827217102,"z":2.0534770488739015},"rotation":{"x":0.13714341819286347,"y":-0.838908851146698,"z":0.24743641912937165,"w":0.46497204899787905},"size":5.481930255889893,"orthographic":false}